Passenger 1 ID,Passenger 2 ID,Number of flights together
134,186,4
250,278,4
237,241,7
315,362,5
409,448,4
521,584,4
730,739,6
707,764,5
773,792,5
804,839,5
809,866,5
1024,1084,5
1111,1149,4
385,1025,5
378,1001,4
1250,1273,6
1260,1263,5
1431,1467,4
305,378,5
328,376,5
807,885,4
364,1031,5
330,1035,4
392,1020,4
355,1035,4
721,1043,6
328,771,4
766,1053,4
366,763,6
1520,1536,4
1544,1569,5
1544,1581,6
1611,1636,5
1770,1780,4
1916,1979,4
1906,1986,4
1938,1966,5
1976,1984,9
1917,1941,4
1917,1973,4
1913,1962,4
2131,2182,8
2115,2163,4
2115,2190,4
2102,2191,4
2134,2187,4
2222,2284,6
2322,2379,4
2356,2381,4
2402,2470,4
2401,2403,4
2539,2567,5
2567,2570,7
2511,2537,5
3137,3178,5
3146,3180,6
269,604,4
670,3104,4
248,610,6
3421,3479,4
3402,3475,5
3411,3446,6
1236,2627,4
3536,3554,5
3627,3663,5
368,3413,7
368,3461,4
3808,3858,5
3904,3955,5
3949,3994,4
4025,4044,7
4035,4083,4
690,3159,4
1456,1865,4
1865,2728,4
1498,2781,6
1801,2710,6
468,677,5
1288,3046,6
391,3071,4
1662,2822,4
45,2886,4
4233,4271,4
4208,4219,6
4217,4291,4
603,3405,6
724,3151,5
425,2868,4
4350,4366,4
970,1008,4
636,2127,4
2510,2681,4
2279,3589,5
2226,3597,4
53,2404,5
4066,4353,7
4032,4344,4
1532,2571,4
4611,4673,5
4611,4630,7
4670,4677,5
1082,1837,6
167,1611,4
1844,2789,4
1272,2760,5
940,2754,6
2867,2939,9
910,1082,4
1378,4121,7
3332,4031,6
618,3349,5
139,3615,6
2465,3604,4
61,2426,4
2440,3653,4
1427,4668,4
915,4016,7
1666,4017,5
2759,4399,7
2939,4353,5
4849,4876,5
4925,4962,4
2570,3553,4
1472,2277,5
5008,5084,5
946,2273,4
920,2935,4
977,2255,4
941,2437,4
1321,3654,4
923,3540,5
2427,2910,4
2295,2441,4
4544,5344,5
3896,5395,4
1328,2786,4
1034,1375,5
3787,5161,4
556,1218,5
5439,5468,4
5448,5500,4
5443,5451,4
5411,5482,7
5420,5431,6
5459,5486,4
5404,5458,6
3173,5358,4
1430,4556,5
5516,5590,4
3077,4054,4
5642,5689,4
5645,5662,6
2939,5416,6
407,5464,5
407,5443,5
975,5484,5
4083,5431,5
4011,5466,6
1337,5467,4
1082,1167,4
910,4153,4
945,1766,4
1163,1734,4
4283,4441,8
5765,5791,4
5711,5748,4
5743,5755,4
5702,5774,5
1774,4330,4
2146,4420,6
4031,5037,5
1046,4914,6
3267,5175,4
602,2623,4
670,1545,4
649,1077,5
2700,5143,4
5913,5948,5
5913,5941,4
5946,5982,6
652,1963,5
6009,6099,4
6032,6050,4
3644,4243,4
2780,5775,4
5793,5982,4
202,5204,4
4969,5440,6
1884,5491,6
4904,6010,6
4656,5467,5
165,592,4
3998,4593,4
1444,6004,4
3991,4967,4
6622,6668,7
6847,6889,5
6830,6855,5
6854,6880,5
6817,6884,5
3295,5467,5
4551,5434,4
147,4554,4
4300,4988,4
6927,6951,5
7062,7070,4
7160,7196,4
1403,4968,4
1906,2518,4
7621,7693,4
7634,7680,4
2692,7634,4
2408,2672,4
1012,6121,6
3994,4534,4
362,6121,4
494,3801,4
187,1447,4
5777,5911,5
7709,7770,4
7724,7776,5
7851,7861,4
7807,7854,4
7820,7832,6
752,7379,4
756,7551,5
2062,5885,7
8007,8084,4
2516,2786,4
8102,8200,4
8117,8194,4
8216,8297,6
4399,6843,5
8307,8338,6
8374,8398,4
683,2905,4
4384,7822,5
2174,3919,5
4637,5118,4
1244,4983,6
3635,6471,4
758,7540,5
3191,5375,4
1691,4613,4
3173,4199,4
334,5866,4
4404,5944,7
4916,7581,4
494,6946,4
5978,7476,6
1229,2382,4
1619,6884,4
5706,6870,5
4373,6824,4
950,6824,4
438,2759,4
4674,6832,5
3544,5966,4
4316,6824,4
4607,6869,4
6017,6809,7
6047,6889,4
5668,6773,5
6904,7414,4
3784,7463,5
7868,8289,6
1329,8234,4
8752,8792,4
4421,8132,6
3735,7685,11
2868,7605,4
8908,8949,5
7831,8960,4
6036,8045,7
2857,8289,5
95,3503,6
8190,8289,7
3937,8078,5
592,5812,7
1246,1531,5
511,4765,4
1933,4786,5
9053,9078,4
1158,8246,4
3300,5737,4
6931,8843,4
5505,7082,5
3503,5509,6
4468,6796,4
258,5081,7
2790,6088,6
3177,5490,5
3102,9009,4
9316,9366,4
1223,8213,4
3409,8350,4
494,6259,4
9620,9672,5
9672,9677,6
9683,9684,4
9659,9679,4
9618,9679,5
9763,9764,4
9753,9775,5
1684,4541,5
8381,8906,4
3589,9282,9
5518,7754,4
5733,9166,4
869,8563,4
8072,9263,4
6777,9266,4
3392,7074,4
2412,8059,4
10001,10045,4
1209,2323,4
4502,5137,4
2155,4031,4
6338,6523,5
5652,9642,5
1982,4270,5
1982,9650,5
5096,9693,5
3844,9690,4
3445,9711,4
419,816,4
1343,9750,4
1526,2864,4
4820,7898,7
3448,4955,5
382,8983,4
2231,6857,4
7506,9793,4
3275,6053,8
3618,9700,6
4004,8642,4
5058,7568,4
10338,10357,7
6310,9539,6
1190,10115,4
8888,9983,4
1677,10349,4
3590,10396,5
4249,10327,4
281,10373,5
10418,10476,4
10458,10470,4
10405,10446,4
10401,10458,4
10470,10480,4
853,2232,4
8078,9822,6
1246,9436,4
10509,10594,4
10521,10523,5
7505,10368,5
2578,2776,5
7243,9069,6
8363,9069,5
3286,7505,6
5668,10368,5
4283,10377,4
2728,9058,4
2728,8120,4
1352,8546,4
7692,9311,4
3588,9540,4
497,2336,5
1434,1715,4
7560,8262,5
10760,10795,4
10718,10762,4
10701,10709,4
10701,10727,4
10779,10795,5
10703,10760,4
5933,7447,5
5569,5723,4
2857,8998,5
10328,11069,4
11124,11190,4
11125,11181,4
11129,11180,4
11138,11183,4
11103,11153,4
11148,11187,4
11132,11135,4
11145,11188,4
1831,11271,4
932,1831,4
7898,10751,4
9645,10737,4
2354,10704,4
8260,10795,5
8729,10712,4
8729,10788,4
4080,8735,4
211,8735,4
9268,11056,4
258,479,5
2065,3223,5
5253,10676,4
1437,10746,4
6447,10697,4
288,8004,4
11734,11763,4
779,9818,4
167,5056,5
9954,11243,6
7685,8295,4
2785,5167,4
1191,4168,4
1191,4732,7
1904,2002,4
7726,8169,4
1429,7240,5
8260,11853,4
2100,7919,4
3515,6579,4
1753,6987,4
8266,10058,5
400,3851,4
614,5696,5
8424,8912,4
3432,4318,4
728,4188,4
6084,10465,7
4137,4712,4
12012,12077,4
4408,4584,4
4151,6522,4
4737,10460,6
8368,11067,4
47,4713,4
6286,11067,5
6286,8368,4
857,5653,4
2634,7836,4
2544,6180,4
1342,4543,5
1490,4632,4
3112,3223,4
4781,9451,5
1673,11225,6
10024,10328,5
9331,10015,5
3867,9369,4
9493,11221,4
2410,3032,4
1609,8980,4
2851,6541,5
9049,10509,4
2068,8609,4
2000,10785,4
4945,8353,4
4945,11871,4
1240,11880,4
1966,7560,4
2765,2976,4
3322,8163,4
75,11833,4
8574,9951,5
7844,11874,4
1142,4721,4
10460,11280,5
7983,10015,4
3867,10085,4
628,11225,4
5116,9127,6
9685,11796,4
3534,12243,4
1382,8105,4
5671,8505,4
5603,6953,6
4147,8323,4
4484,11963,4
873,1462,4
2358,4193,5
1129,10749,4
11644,11712,4
6050,11680,4
1266,4054,5
7319,11378,4
9735,12035,4
932,8674,5
6143,12130,4
12544,12590,4
9992,10975,4
3275,5533,4
318,11308,4
2212,6523,4
3631,11308,4
10720,11483,4
3529,4871,6
1031,8197,4
12641,12657,4
1982,12050,4
12780,12800,6
1265,3902,4
10515,10701,4
5886,7080,5
12917,12937,5
12906,12981,5
5998,9596,4
11066,12436,4
1002,8259,5
10795,12486,6
8106,9725,4
4496,5072,5
13111,13195,4
10684,12604,4
12204,12687,5
1113,5416,4
8765,13160,4
613,3875,4
6289,6437,4
10467,11553,4
7903,11041,4
8446,12374,5
952,5201,4
5054,12582,4
157,4335,4
5216,8106,4
3601,7612,4
9366,12248,4
3382,13869,4
4772,12940,6
10689,13637,4
7286,9234,4
4645,9742,4
1399,6545,5
1242,6332,4
741,12594,5
501,12553,5
501,11593,4
1829,11593,4
9152,11593,4
1064,9653,4
9713,10115,4
12653,13680,4
4810,9321,5
8271,10908,5
4037,8258,4
5661,9601,4
3078,3680,4
628,8025,4
3889,13404,5
5632,7288,4
1465,13894,5
6067,6293,5
7661,13561,5
5754,6857,5
7555,12323,5
2964,7555,5
4166,7721,4
13284,13571,5
6591,7060,5
9540,13571,6
139,919,4
6382,11123,4
5175,12477,4
469,855,4
860,6981,4
12231,12981,4
4391,9480,5
3092,8964,4
2994,4685,4
3897,9974,4
6733,10938,4
14260,14261,4
132,8556,5
3910,13950,4
2203,10561,4
9890,11070,4
3759,10652,4
1850,13160,4
1850,3759,4
10631,11353,4
954,13160,4
3054,10274,4
14747,14793,4
14769,14782,4
45,64,5
364,368,9
384,393,4
440,443,4
521,574,4
521,587,4
501,512,4
704,781,5
765,800,5
706,758,5
727,795,7
716,746,9
707,737,5
705,739,5
759,795,5
843,849,4
859,862,5
917,986,4
928,994,5
1043,1073,6
364,1095,8
1240,1299,5
712,791,5
712,797,5
364,1026,4
356,1058,4
309,1051,4
307,1050,4
1205,1208,6
719,1035,4
364,772,8
366,760,6
701,1045,5
749,1002,4
771,1023,6
355,739,4
362,751,4
1009,1287,4
1834,1886,4
1915,1919,4
1923,1970,4
2179,2187,4
2140,2160,4
2124,2163,4
2126,2137,4
2108,2117,7
2111,2168,4
2165,2169,4
2114,2185,4
2134,2158,4
2116,2145,4
2136,2144,4
2202,2220,4
2249,2279,6
2318,2390,4
2463,2475,4
2026,2392,4
61,2345,9
2567,2576,5
2705,2781,4
2731,2795,4
2857,2886,6
3047,3055,5
3046,3093,4
3149,3196,4
3104,3180,7
3182,3193,5
3309,3380,6
255,606,6
205,3169,6
3475,3493,4
3402,3405,5
3402,3479,4
3414,3463,4
3420,3472,4
3508,3585,4
3502,3510,5
3563,3567,4
3512,3545,7
217,664,4
3634,3643,6
3719,3756,4
3806,3865,4
3829,3875,7
3916,3931,4
4051,4083,4
4013,4053,7
4019,4057,5
4009,4052,7
246,2178,4
1828,2755,4
443,610,4
248,1693,4
1693,2510,4
343,2604,5
2229,3593,5
4254,4282,4
4239,4274,5
272,3421,4
226,419,5
916,1376,4
676,3133,4
915,1369,4
962,2911,5
989,1366,4
933,1314,4
1243,1503,5
4414,4449,4
4405,4467,4
4475,4493,4
2315,3679,4
2072,2484,4
2072,3682,5
126,3698,4
1248,1465,4
1074,1482,4
1369,2758,4
316,4194,5
139,2440,4
1489,4643,4
3600,4496,5
5022,5037,4
5042,5053,5
5042,5084,5
5120,5126,4
2247,2460,4
946,1384,4
2255,2928,4
2498,2910,4
4522,5319,6
298,4197,4
1524,2910,4
4534,5377,4
3455,5120,5
5464,5481,6
5414,5494,4
5414,5495,6
5438,5446,4
5466,5495,6
5409,5448,4
229,3858,5
5515,5571,4
5609,5686,6
5645,5657,4
4373,5443,8
2959,5478,5
928,5416,5
4083,5401,5
348,4109,4
1413,4291,4
5701,5764,5
285,2031,5
252,384,4
1890,4638,4
876,1028,6
1444,3861,5
3914,4416,4
4171,5881,4
135,2665,6
1537,3415,4
5970,5994,4
5959,5962,7
5917,5984,4
5919,5934,5
3330,5894,4
3148,5885,6
6054,6070,5
6049,6075,7
6335,6336,5
1616,5927,4
3106,4717,4
1865,6077,6
3544,4316,7
4969,6039,7
4395,6010,5
3576,6047,7
5467,6004,5
2560,5450,5
1046,5434,4
1598,6004,4
4967,5455,4
5647,6163,4
6833,6864,5
6836,6864,6
6825,6885,5
4255,5434,5
7029,7062,4
7331,7344,4
7407,7410,4
7559,7595,4
7511,7515,4
7593,7600,4
4109,7594,4
5798,5977,6
184,5977,6
494,3642,4
7713,7746,4
7719,7798,5
7709,7713,5
959,6469,5
324,5771,5
5755,5989,4
438,5744,5
7825,7844,6
2286,7280,4
393,7551,5
4941,7504,4
2495,5941,5
8167,8198,4
6020,6807,4
8381,8397,4
7733,8384,4
232,4897,4
232,1691,4
394,677,4
4634,4858,4
4209,7638,4
2516,4440,4
1452,6531,4
2988,6580,4
1554,2988,4
4184,8338,4
5233,6289,7
4082,7540,4
3642,6951,5
3905,8017,4
5993,6077,4
1817,2294,4
1619,6858,4
438,6809,4
438,6824,4
438,6832,4
6063,6854,5
4674,6889,5
6069,6469,4
6069,6896,7
6077,6854,4
6077,6829,4
3120,6836,4
5954,6814,4
2294,6898,6
6039,6839,4
2993,6893,4
1865,5734,4
1865,5720,4
5771,6884,4
1789,6773,5
4215,7392,4
1484,5746,4
883,5015,4
8654,8690,4
8614,8658,5
1382,6357,4
3169,7605,4
3898,7618,4
441,7685,6
3735,7629,4
8835,8892,4
8914,8950,4
8957,8960,5
8950,8965,4
3713,6380,4
4870,5525,4
4158,8045,5
1747,8042,4
3963,4675,4
2857,8209,5
1677,6813,10
3898,6097,4
814,8654,4
2656,5467,4
1160,7676,5
2032,4726,4
3609,4717,4
5620,6338,4
9042,9069,4
4556,7640,6
3657,4719,4
393,1158,4
4139,6486,4
286,494,4
3453,3995,4
3665,6060,4
4832,5645,4
2861,8732,7
6127,9083,4
6707,7866,4
6786,7868,4
1940,7605,5
5876,9006,4
451,5795,4
5989,8068,6
6418,6876,5
3356,6067,5
9351,9388,4
6752,8270,5
9649,9684,5
9656,9696,4
9677,9690,5
9622,9623,4
9610,9696,5
9711,9756,4
2515,6084,4
1819,7851,4
9822,9866,4
7369,9263,4
9901,9922,5
9920,9969,6
9906,9936,4
9907,9917,4
908,5620,4
8777,9072,4
8213,8810,4
1956,3772,4
2379,6338,5
4989,6583,4
2886,7866,4
5652,9672,4
300,9602,4
187,4076,4
4329,8824,4
7162,9713,4
3640,3829,5
1675,3176,5
9392,10086,4
9327,10082,4
9055,10085,4
1079,5623,4
4820,9066,7
2231,9682,4
392,5503,6
3618,4820,6
5314,8427,5
10377,10394,4
10356,10371,5
3798,8533,4
211,3418,6
760,9977,4
760,9324,4
6084,10353,5
4850,10389,8
4249,10353,4
10428,10494,4
10427,10465,4
10415,10454,4
10415,10417,4
10402,10483,4
10417,10425,4
10458,10494,6
10405,10464,4
10416,10456,4
2441,9822,4
1008,7020,4
1078,10397,5
1078,2857,5
2747,8007,4
8976,10358,4
9098,10325,6
5668,7810,6
1321,1454,4
1917,8048,7
2745,3709,4
3802,9069,8
2973,9874,4
3741,8775,4
10610,10613,4
8246,9229,4
203,7185,4
5207,8735,8
6813,10107,4
5876,8048,4
7668,8642,6
4170,8596,8
1352,2534,5
5760,6474,4
2415,3447,4
484,4820,5
10756,10785,4
10741,10779,4
10706,10741,4
10709,10770,4
10744,10762,6
10703,10727,6
3877,9638,4
2433,10196,4
2851,10516,5
2274,9649,4
6095,9302,4
11104,11126,4
11119,11121,4
11169,11176,4
11101,11121,4
11118,11175,4
11161,11183,4
11163,11199,4
11163,11190,4
11103,11111,4
11160,11188,4
11173,11188,4
11142,11143,4
11145,11161,4
11122,11178,4
11121,11130,6
11137,11199,5
11139,11165,4
11114,11115,4
11250,11279,4
288,5957,4
4359,5459,4
75,8165,4
3618,10714,4
11326,11350,4
8257,8596,5
5081,7373,5
3164,8039,4
585,7616,4
2976,5021,5
3020,5966,4
1927,9063,5
7801,8542,5
7801,8149,5
11774,11798,4
2292,10179,4
11878,11898,5
11871,11880,6
3663,10812,4
4978,9465,4
391,7951,6
3531,5256,4
4707,9441,7
4397,11180,4
3298,7007,8
863,10017,4
1762,6024,6
210,6548,4
400,888,4
1378,10058,5
7076,7579,6
7076,8266,5
4010,10083,6
3522,4814,4
10758,11939,5
5873,10612,4
4217,11007,6
2411,3275,4
7772,7983,4
7772,7950,4
47,7772,4
7950,11067,4
4293,6827,4
8006,10535,4
1254,10644,5
258,10536,5
1342,10806,5
7919,10497,5
9127,11221,4
8684,11221,4
9385,9493,5
1142,3597,6
556,4514,4
10767,11276,4
2000,8851,4
7837,8030,4
4945,8163,4
5021,7825,6
3322,11883,4
8574,11871,4
9951,10234,5
6171,10640,5
1411,9076,4
4364,10125,4
6317,10022,5
628,1747,4
5943,10328,4
2811,9685,4
633,8040,4
2171,3309,5
4242,5671,4
12403,12438,4
12486,12493,4
7679,8659,4
2783,11840,4
1004,2358,4
1115,9294,7
1681,7832,4
1096,4572,5
1955,11633,5
9988,11450,5
8042,10050,4
135,8964,4
2046,3529,4
5838,10463,4
1561,5336,4
12582,12586,5
5007,11954,4
7427,12250,4
10439,10548,8
4828,7727,4
7720,8339,4
6056,11962,4
391,9620,4
2964,6591,8
2462,4637,5
12764,12797,4
12703,12705,4
2560,11881,4
761,2594,4
407,5998,4
9791,11529,4
3491,12452,5
12072,12436,4
6953,9055,4
7780,7877,5
210,9033,6
9800,12939,4
6323,6535,8
6535,9816,5
2068,9816,4
2408,9202,4
13405,13411,4
950,13462,4
5390,10264,4
13610,13685,4
7064,9738,5
2788,5634,5
3883,5464,5
6255,7038,4
281,13640,4
1651,13638,5
1977,4021,5
3953,5757,6
3560,10435,4
13822,13894,4
13876,13896,4
1947,4129,6
11834,13731,5
258,13842,4
2810,7023,4
9471,9846,4
753,6331,4
5630,9612,4
7451,10340,4
3041,10329,4
10858,11273,4
4037,13251,4
1099,5661,4
6519,9247,5
2536,13668,4
14021,14077,4
14048,14069,4
14077,14091,5
4673,13989,4
11834,12841,4
1454,1779,4
3206,7710,4
4875,11099,4
2713,5171,4
2702,6437,4
2588,13218,5
5007,13218,5
356,13221,8
7060,13571,5
7060,9974,5
13261,13562,5
7502,12476,4
1972,6695,4
7593,10447,4
6327,9956,4
5101,5212,5
3938,12212,4
7114,10244,4
7286,13731,4
49,938,4
2868,9992,4
2041,2684,4
132,4685,4
978,13564,5
712,978,5
5513,14082,4
13232,13620,6
954,8271,4
12163,14070,4
14751,14752,4
14752,14782,4
14716,14770,4
14716,14739,4
10652,15160,4
9445,15186,4
276,293,5
347,393,5
323,337,4
519,577,5
638,660,4
707,771,5
737,746,5
702,735,4
769,784,6
705,737,6
701,760,15
740,752,8
740,792,6
844,849,4
841,848,5
822,848,4
806,891,4
859,881,4
1056,1057,6
1211,1234,4
1356,1376,4
1327,1363,6
1309,1343,4
1309,1358,4
1451,1452,4
1475,1490,6
103,174,4
223,296,5
305,1001,4
305,1013,4
324,1007,4
395,1056,5
374,772,6
727,1021,5
1569,1581,5
1617,1684,4
1964,1986,4
1937,1997,4
1916,1941,4
1941,1962,4
2041,2064,4
2123,2153,5
2135,2148,4
2130,2188,4
2141,2179,4
2107,2160,4
2210,2265,4
2224,2280,4
2232,2292,4
2228,2259,4
2264,2276,4
119,2390,5
3071,3084,5
3203,3279,4
3367,3380,7
645,3178,5
646,3107,4
601,3104,5
3444,3479,4
3561,3600,5
3541,3580,4
3536,3578,7
3510,3567,4
3510,3586,4
697,2116,4
3675,3698,5
368,3477,4
3719,3776,4
3717,3739,4
3921,3971,4
3924,3931,4
4020,4034,5
4020,4063,5
4057,4084,5
4080,4090,4
2197,3182,4
286,679,4
1865,2793,4
1479,1828,4
4121,4188,5
2563,3104,4
468,2578,4
274,2531,4
350,2604,4
1542,3940,4
1569,3940,4
1269,3924,6
2233,3532,4
199,3093,4
184,2879,4
4215,4260,4
4202,4272,4
4217,4249,4
3159,3444,4
3151,3483,6
331,3162,4
1361,2923,4
1396,2943,4
4411,4473,4
130,2467,5
2308,2497,4
4541,4556,4
4504,4534,4
4609,4647,5
4646,4656,8
1444,2511,4
437,1818,7
358,2754,6
2760,2869,6
1464,2867,7
1288,2992,5
692,967,5
1394,1422,4
1800,4182,5
2465,3612,4
446,1865,5
2959,4053,7
2939,4044,5
2939,4009,7
2511,4044,5
4827,4871,5
4947,4977,5
2554,3548,4
442,2601,4
1472,3173,4
5076,5092,7
5076,5096,6
5010,5069,4
5148,5172,4
5152,5191,4
1358,2427,4
972,2932,6
3509,3698,4
988,2255,4
1321,2932,4
923,2273,4
3865,5315,6
811,1043,4
5436,5479,6
5494,5495,4
5464,5468,6
5443,5494,10
5438,5466,6
5438,5443,4
5406,5446,5
5409,5443,4
5409,5410,5
5409,5468,4
5402,5435,4
3173,4556,4
1288,4032,4
1351,4034,6
4009,5448,6
4025,5464,6
4025,5416,5
1482,5402,4
3153,3737,4
1722,5066,4
5716,5734,4
5734,5768,5
5709,5744,4
335,1888,4
1842,4903,4
3594,4459,4
1078,1808,4
1884,3544,7
3930,4690,4
4415,4512,4
4008,5858,4
135,2700,4
3415,3587,4
649,2488,6
1261,1545,4
2700,3587,4
5916,5956,4
843,3365,4
3243,4313,5
1963,2182,5
899,2173,4
6073,6090,4
6316,6396,4
2256,4645,4
2504,3961,4
2560,4346,4
3998,4542,4
3404,4646,4
1651,5434,4
3940,5420,4
1444,1651,4
3991,4656,4
6855,6870,8
6884,6889,5
6844,6872,5
6810,6876,6
6880,6884,5
6836,6854,5
6836,6839,5
2403,3861,4
147,4523,4
147,5422,4
1538,5367,4
4523,4641,5
4641,5422,5
2848,4914,4
7324,7385,4
7437,7450,4
7502,7590,5
2196,7586,4
5545,6718,5
7608,7680,5
6554,7077,4
1303,7506,4
7741,7800,5
4868,5347,4
1369,5789,4
1619,5788,5
7859,7884,4
3148,5092,4
3663,4274,4
8046,8059,4
8019,8024,4
4534,5997,5
8116,8165,4
8252,8275,4
8368,8371,4
256,1401,4
7373,7799,4
8403,8461,6
7318,7864,5
469,1641,7
6600,8280,4
4770,7635,4
6531,7543,4
1762,4402,4
1005,2797,5
1053,6100,5
6052,8089,5
1436,5978,6
3102,7484,5
6922,7170,4
2143,7476,4
5769,6847,5
997,6071,4
6408,6874,4
2734,5440,4
5443,6847,4
6001,6874,5
959,5440,4
2717,6008,4
6008,6858,4
6039,6864,5
6049,6833,4
4942,6896,4
5491,5993,4
4481,6833,4
6047,6874,4
6047,6893,4
451,8485,5
6813,7866,8
5764,5867,5
901,4550,4
4468,7629,4
606,8158,4
4421,8190,4
2906,5482,7
8901,8922,4
8920,8958,5
8914,8958,4
3021,8120,8
1641,5544,5
249,1050,5
2392,6486,4
1075,8078,4
1635,5423,5
594,2745,5
239,3147,5
1531,3147,6
6166,8260,4
9030,9100,4
1340,8994,4
6580,6932,4
2026,2478,4
494,3749,4
1769,6067,6
8290,8576,4
1800,4753,4
6796,6813,5
5584,6745,4
663,5505,5
663,6813,5
95,3418,5
8212,9055,4
9223,9267,6
9239,9280,5
2939,8403,5
1735,6259,4
3440,4200,5
398,1389,6
211,9030,4
9319,9399,4
9368,9382,4
9342,9366,5
9382,9391,4
9304,9350,4
1077,7279,4
9453,9482,7
1338,8983,5
9613,9665,4
9622,9628,6
9757,9758,6
2482,7896,5
83,9369,4
8078,9366,6
135,9243,4
3119,9028,4
2412,9232,6
8892,9286,4
8502,9240,4
288,7636,4
6418,7605,4
5789,6447,5
3590,8411,7
8299,9930,5
4076,9618,5
4860,9665,5
388,9690,4
3844,9642,4
2191,9675,4
8983,9066,5
481,9969,4
2841,8746,4
148,8260,6
6516,7643,6
5522,8884,4
1715,9066,7
10253,10267,6
6205,8721,4
3432,6053,6
1767,7640,4
2234,8225,5
5403,9014,5
211,6447,5
8411,10378,4
2960,10394,5
5490,10307,4
10417,10452,5
10441,10463,4
10431,10438,4
10430,10480,4
10463,10493,4
10433,10451,5
6263,8803,4
3420,9688,5
398,4249,4
398,10349,4
6052,8961,4
2068,7896,4
3760,8381,4
3153,9410,5
2068,4283,4
2482,3802,4
1917,2973,4
10673,10698,4
10665,10697,4
2728,7122,4
398,3741,4
4177,5905,4
8596,9068,6
1340,6827,4
7747,9068,6
479,2544,6
2201,8596,10
1715,2841,5
148,382,5
61,3618,5
10741,10799,4
10704,10756,5
10709,10756,4
10701,10704,4
10712,10714,4
10705,10712,4
10780,10795,4
10728,10774,4
5721,6095,6
9188,10640,5
7718,10596,5
1858,8510,4
11008,11065,4
10328,11060,4
4513,5956,5
11119,11124,4
11175,11193,4
11128,11151,4
11101,11145,4
11130,11189,5
11108,11148,4
11138,11174,4
11148,11180,5
11148,11190,4
11173,11196,4
11145,11165,4
11115,11120,4
11109,11135,4
11114,11139,4
11114,11164,4
11157,11189,4
11136,11140,4
5957,6783,4
1343,1678,8
2581,11256,4
1715,10762,5
11309,11368,4
11332,11355,4
5665,9840,5
2586,6478,4
5007,8614,4
218,2976,7
7515,10757,4
92,4444,6
4404,9833,5
6447,10576,6
2678,5923,4
7591,9548,4
1863,1966,4
4274,10814,4
5850,6013,5
1678,7998,5
6013,8475,5
8399,9441,5
942,7801,4
6310,10497,5
11777,11784,4
6652,11073,4
1726,9922,4
11817,11898,6
11803,11839,4
40,4449,4
5775,9988,4
3926,11003,4
1218,4707,7
3214,8112,4
730,10684,5
1429,7327,6
7008,9171,4
2392,7590,4
5882,9812,4
972,11552,5
6778,10991,4
8260,11885,4
2443,7192,4
3275,10037,4
3275,7677,4
1753,8823,5
1762,2117,4
400,7677,4
1041,1138,4
888,5016,4
2108,3851,4
371,557,5
371,1296,4
2489,10023,4
2174,2489,6
2503,6522,4
1283,2479,4
4188,7809,4
1490,6827,5
504,4161,4
6093,11964,4
269,5380,5
10612,11917,4
10010,11923,4
10016,11201,4
7191,7950,5
6114,7191,5
1413,8519,4
855,3117,5
2201,9282,5
2100,8877,4
4056,8519,5
5081,9683,5
8584,10899,5
6166,10722,4
11290,11353,7
5748,8684,7
12105,12196,4
1056,3322,4
1056,6777,4
620,10206,5
7825,11276,4
4070,10716,4
2976,6165,5
4781,8299,5
258,4781,4
7579,9703,4
11727,12173,4
5943,10015,4
9833,10758,5
5711,10104,4
10009,12243,4
119,5230,4
348,9503,5
6929,9511,5
2408,7444,5
1475,3581,4
4430,8679,4
8323,11940,4
2327,8706,4
2412,3845,4
435,5711,4
10329,10597,4
968,2489,4
6171,7591,5
6591,8541,4
5919,7492,4
1558,4212,4
7222,10749,4
3364,7877,5
1030,11284,4
391,9324,4
360,11690,4
1872,6349,4
3336,4636,4
932,10149,5
2225,6428,4
11046,11727,4
12540,12553,4
12541,12600,4
9508,12532,4
4816,8810,4
6902,12515,4
9252,12504,4
5538,12250,4
3413,11123,4
11840,12578,4
9544,10780,4
1911,4016,4
5111,6857,6
4478,7720,6
139,8315,4
9600,10130,5
1418,12377,4
7307,7877,4
8466,9294,4
1982,2702,4
12711,12725,4
2244,11559,4
6899,12230,4
972,9791,4
7744,12841,6
13038,13096,4
420,7453,4
559,2472,4
2930,12810,4
5072,7800,4
13154,13174,4
860,12301,4
6863,8320,4
4362,9707,4
13450,13462,4
6226,12617,4
9474,13121,4
1677,8224,4
13614,13668,4
2396,6146,4
5963,6072,4
2693,5545,5
3883,10184,4
11588,12097,4
4502,13277,5
6749,11644,5
2861,7508,4
1710,4393,4
2604,7347,5
2604,9252,5
281,13637,5
7780,13651,4
1651,13636,7
6616,13265,4
13848,13870,4
13817,13868,5
13878,13887,4
13808,13819,4
4980,9234,4
7547,8581,4
5731,6764,4
3875,8132,4
10812,12516,4
3257,7853,4
4972,8348,4
565,4683,4
6532,7902,4
3560,7540,4
2065,4810,4
11559,13217,4
8263,9033,4
8025,12600,4
5741,13129,4
5368,7799,4
1826,11186,4
1977,11099,5
7959,11198,4
1626,7710,4
517,14023,5
10757,14074,4
6864,12947,4
8810,9974,5
8474,13803,4
10541,13842,5
9351,9636,4
4118,12231,4
6437,6695,4
7085,11676,4
2966,4875,4
1735,4868,5
3145,11528,4
10212,12695,4
6043,13602,4
2382,10963,4
2426,11699,4
14203,14226,4
4540,12146,4
8964,12530,4
42,4973,5
183,1419,5
1419,10067,5
2826,8358,4
2005,2658,4
311,1242,4
14631,14644,4
14714,14744,4
14759,14763,4
15121,15130,4
3251,10248,4
57,67,4
135,141,4
266,274,6
354,376,5
554,585,4
511,564,6
602,609,4
602,649,6
664,697,4
633,636,4
625,665,4
729,750,5
763,799,5
730,795,5
775,780,5
750,764,5
755,772,8
755,797,7
749,799,5
841,859,4
876,897,4
894,895,4
852,876,5
852,877,4
1014,1092,4
1157,1165,4
378,1023,4
381,1007,4
1330,1384,4
328,360,6
712,785,5
1008,1022,4
378,727,4
315,737,4
704,1029,4
392,797,4
360,791,5
1665,1694,4
1602,1662,4
1853,1884,5
1822,1859,4
1961,1993,5
1957,1975,4
2168,2181,4
2116,2142,4
2107,2116,4
2271,2288,4
2223,2241,4
2228,2258,4
2249,2276,4
2318,2322,4
2405,2427,6
2460,2484,5
2440,2446,7
2423,2479,5
2441,2466,4
2426,2481,4
2430,2496,4
190,2390,4
186,2345,4
2545,2563,5
2506,2562,4
2528,2567,5
2522,2586,5
3146,3162,6
3349,3380,4
266,3180,5
613,3120,6
212,670,4
3447,3479,6
3436,3477,5
1576,2674,7
3529,3548,5
685,3197,4
2162,3164,5
3611,3661,4
3624,3698,5
368,3440,4
701,3477,4
364,3483,4
1001,3490,4
3702,3723,4
3837,3849,5
3933,3955,4
4029,4088,5
4012,4083,10
247,603,5
2183,3114,4
673,3155,5
263,3114,4
2565,3157,5
650,2521,4
432,1646,4
477,613,4
4217,4269,7
696,733,5
255,331,4
245,3106,4
1323,2906,4
911,1381,4
1315,2992,5
899,3787,4
4467,4491,4
2334,2427,4
141,3648,5
2467,3639,5
172,2425,6
4013,4353,7
4040,4329,6
489,2504,4
3883,4559,4
405,4559,4
4615,4677,4
4609,4671,5
4637,4647,4
1608,3041,4
2789,2939,6
662,3311,4
2004,2486,4
1323,4059,6
4815,4864,4
4810,4855,4
4811,4881,4
2248,4401,4
2655,4418,6
622,3439,6
2281,2328,4
1387,3678,4
1358,2222,5
920,2901,5
972,3509,4
2255,3635,4
1321,3571,4
126,2222,4
126,977,4
2977,3678,4
2295,2963,4
1396,3041,4
727,5143,6
5458,5484,4
5421,5429,6
5463,5471,4
1436,5303,5
5624,5667,4
4042,5494,5
4009,5499,6
4044,5471,5
4016,5499,4
4012,5436,6
4339,5429,5
4316,5490,5
1314,5408,4
127,867,4
1043,3343,4
1052,3046,4
1722,5026,4
4248,4522,4
4260,4626,4
5743,5766,4
5705,5793,4
5737,5755,4
5701,5733,5
5717,5742,4
1643,5455,5
3920,4609,7
2294,4412,7
4445,4675,5
399,402,4
3415,3947,4
1528,2105,4
2700,3947,6
5915,5951,4
5912,5919,5
5962,5972,4
5977,5997,4
1019,4315,4
839,3243,4
4127,5885,4
6041,6042,4
173,4473,4
5486,6061,4
4395,4904,5
5448,6044,4
6447,6456,4
6486,6488,4
4656,4967,4
4542,4967,4
1548,6004,4
1572,4632,4
4346,6004,4
6506,6558,4
6717,6736,4
6745,6796,5
878,6177,4
4082,5460,4
147,3492,4
2775,5025,4
4255,5084,4
2596,3208,4
6918,6962,4
7001,7036,4
7222,7242,4
7353,7361,6
7406,7495,4
4171,7005,4
6554,7062,4
409,3801,4
2262,4226,8
3201,3528,4
45,5955,5
7772,7799,4
7774,7793,6
1817,5734,5
1619,5706,5
5769,5964,5
5734,6469,5
7810,7891,4
4828,7343,5
2492,4440,4
3967,5946,6
1252,5792,4
8127,8180,5
8239,8279,4
172,411,4
5787,6810,5
8355,8368,4
1828,4430,4
683,7172,4
8505,8521,4
2572,3101,4
1266,3127,4
2272,2446,4
157,334,4
142,7638,4
2492,4473,4
439,8280,4
1746,2462,4
1454,1774,4
888,1774,4
888,2088,4
846,3311,4
3573,7741,5
2227,4387,4
997,6897,4
5724,6827,4
2734,6824,4
5443,6827,4
5977,6880,4
6063,6855,5
5761,6839,4
184,6824,4
5481,5964,4
5788,6874,5
6049,6869,4
2773,6844,4
1865,6809,4
4942,6829,4
5491,6858,4
5491,6827,4
4412,6884,4
2759,6844,4
2759,6825,6
4203,7761,4
3934,5303,4
8686,8690,4
7318,8289,4
1078,8269,4
1329,4798,4
8758,8788,4
423,1436,4
4580,5418,4
1230,1646,4
95,7605,7
3855,4468,4
8958,8961,5
8935,8948,4
8965,8986,6
258,8084,4
1221,2928,4
5166,8167,4
3345,4194,5
4719,5740,4
2155,4556,5
3743,7418,5
4135,7418,5
6940,8146,4
286,3711,4
1052,2975,5
5361,8593,4
4744,8739,4
2174,5031,5
6745,7866,5
1940,7039,4
1940,8289,4
1940,2926,4
6750,7605,4
4468,6745,5
5789,6703,4
441,3418,4
441,6707,4
7076,8299,4
5787,6052,4
4627,5795,5
4983,6773,4
2124,2982,4
2124,4121,4
4862,5867,4
9468,9486,4
9503,9511,4
9664,9693,5
9613,9628,4
9619,9628,6
9622,9642,6
3511,9201,4
1747,9359,7
5027,5740,4
4827,9255,4
73,8788,4
2472,9083,4
3573,9240,4
6931,8862,4
288,8010,4
1956,3730,4
7162,9926,4
3766,8949,4
6089,7298,4
300,9684,4
187,6776,5
4852,8824,4
6776,9642,5
622,4852,4
5518,9793,4
7162,9766,8
7718,7879,4
182,2345,4
9392,10036,4
9327,10073,4
7625,9363,5
5113,7718,4
4820,6622,4
7568,8614,4
6453,8614,4
10334,10352,8
2755,6831,4
1641,6441,4
4319,5482,4
6441,8411,5
7605,8441,4
3172,9977,4
5571,9937,4
9522,9935,4
8411,10313,4
4249,10322,5
281,10325,4
10431,10456,4
10430,10449,4
10458,10461,5
10449,10490,4
10423,10484,4
6263,9822,4
6263,9482,4
4085,4275,5
3445,10492,4
1078,6447,4
2926,7220,9
1389,10389,4
5447,10377,4
92,3153,5
3286,9441,4
9069,9834,5
9388,10690,4
5612,9562,4
2586,9598,5
8557,9229,4
2123,8509,4
5770,6368,5
3339,4715,4
5544,10322,4
3356,10313,4
8137,8546,4
290,2518,4
5538,9282,4
174,1822,5
148,392,5
10710,10714,4
10712,10776,4
10772,10774,4
10728,10776,4
5564,6175,4
10875,10880,4
8510,10596,4
11001,11041,5
11119,11122,4
11124,11173,4
11108,11174,4
11108,11165,4
11115,11183,4
11131,11143,4
11143,11163,4
11139,11160,4
11189,11200,4
11221,11234,4
382,10702,7
2231,10712,4
11361,11388,4
11330,11336,5
7064,9840,4
6198,8174,4
5007,6289,4
7747,8519,5
2123,5260,5
9758,10616,4
6180,10644,4
3677,9752,5
1966,3029,4
11506,11580,4
8225,10896,4
1464,1678,4
9751,10431,5
11706,11799,4
3518,9495,5
11855,11876,5
7853,9703,7
6456,9988,4
9465,11243,4
4565,11003,4
1974,4031,7
7830,8112,4
7682,10203,5
7682,8030,5
7002,7937,4
3298,6116,4
1097,9282,4
613,5513,4
3275,6024,4
1404,2108,4
1670,5031,5
1670,1762,4
1296,10017,4
1762,10037,4
400,4689,5
6024,6987,4
888,7098,4
2503,4217,4
4318,5696,4
2532,7076,6
2532,4318,4
2532,8424,5
4217,6987,4
2117,5696,6
1505,9386,6
1434,4137,4
1434,4308,4
4494,11917,5
1276,11957,4
12005,12088,4
4737,5943,5
2062,7271,4
5653,9421,5
1475,3117,5
9258,10697,5
1254,8584,5
258,10899,6
3416,10253,5
1342,10900,4
1490,10536,4
9068,9777,4
7919,8519,4
512,10235,5
637,11225,4
1860,10095,7
7881,9369,5
10015,11221,4
1133,6086,4
240,5235,4
9441,11919,4
8114,11957,4
3531,8114,4
3921,6823,5
10203,10785,4
1056,4070,4
5093,10764,5
4945,10310,4
4945,10702,4
6777,10778,4
5021,11871,7
582,4945,4
9561,10847,4
344,10116,5
9083,9942,5
7579,9777,5
7772,11400,4
4827,6317,5
6701,7601,4
7770,12276,5
9225,12243,4
366,10478,4
5548,10516,4
1684,9283,4
2964,9600,4
517,5702,4
7018,9676,4
1562,4784,4
4784,9833,4
5096,10484,5
1041,3660,4
1352,3309,4
865,5966,4
1096,8830,5
10149,11610,4
707,12018,4
5136,11274,4
3993,11142,4
4379,11142,5
6972,7220,4
9369,9704,4
4513,5538,4
4551,7036,4
2171,7832,4
9862,11285,4
2969,7724,4
5526,11537,5
6515,7962,4
2223,6515,4
10406,11542,4
10357,12230,4
6800,8994,5
7823,11938,4
9033,9247,5
10473,11867,4
4659,7520,4
4953,12648,4
3238,12604,4
2731,5471,4
356,5491,4
9823,13121,4
13616,13685,4
13605,13669,4
5319,9443,4
2256,5319,5
9512,10554,4
1133,7341,4
3105,6485,4
1050,7038,4
13714,13788,5
6019,9478,4
13830,13862,6
1947,4601,4
3431,8131,4
3431,13119,4
2160,2605,4
3759,6332,4
4785,6150,4
1186,4785,4
5246,11300,4
8196,9480,5
3875,9466,4
10812,12389,5
8036,10767,4
10340,12570,4
741,7451,4
2685,11593,5
1829,9171,5
9466,11593,4
9152,12594,4
10762,11871,4
8732,12582,4
8348,12570,4
4021,8664,4
3773,9713,4
9321,12286,5
5529,6380,4
3926,6630,5
3662,12785,4
6743,13400,4
9441,10858,5
10023,13276,4
917,9247,4
8263,9721,5
3910,13637,7
281,9649,4
7846,12841,4
1057,5368,4
4603,13669,5
6415,13620,4
4166,9540,4
4166,13571,5
4770,7099,5
8964,12089,4
3175,11123,4
2975,9156,4
1709,4118,4
4685,7060,4
183,2588,5
11562,13602,4
3107,12212,4
7194,8556,4
6733,8057,4
5231,11651,4
1342,13620,4
3451,12144,4
10595,11089,4
4899,5278,4
14780,14786,4
14701,14739,4
14714,14741,4
14761,14787,4
14708,14767,4
1728,8160,4
15130,15193,4
15114,15180,4
15115,15179,4
6764,15158,4
528,571,4
713,770,5
712,771,5
717,775,6
759,786,5
839,844,6
822,894,7
801,888,6
801,884,5
937,970,4
911,949,5
1056,1073,5
1045,1057,5
341,1023,4
1442,1458,4
328,392,6
409,494,5
1015,1020,4
364,1072,4
374,727,7
762,1057,4
701,1029,4
362,704,4
1024,1271,5
1506,1551,4
1822,1824,4
757,1050,4
1969,1976,4
2144,2187,4
2131,2188,4
2114,2169,4
2303,2306,4
2454,2458,5
2404,2447,4
2510,2539,5
2546,2551,4
2910,2965,4
3039,3076,4
3101,3172,5
3155,3182,4
3141,3145,5
266,3104,7
613,3180,4
3402,3497,5
3414,3451,4
1024,2627,4
1247,1503,4
3520,3599,6
3517,3539,6
3644,3690,4
3636,3696,4
1001,3491,5
3930,3989,4
4051,4063,4
4063,4069,5
4054,4099,4
4016,4025,7
4053,4078,4
2183,3167,4
218,3167,5
215,2531,4
622,2595,4
299,2510,4
275,2567,5
1619,3120,6
1248,1666,5
1537,3952,4
2697,3966,4
2608,3978,4
459,3071,4
4249,4253,4
4260,4282,5
3155,3446,5
266,2570,7
427,1297,4
4307,4340,4
4308,4386,6
4331,4344,5
940,2911,5
1366,2943,4
939,2943,4
2570,3913,4
4027,4304,4
4419,4445,4
2405,3624,4
2405,3635,4
4031,4351,4
4551,4595,4
4511,4559,5
4061,4384,4
4063,4371,6
1406,3071,4
477,2886,4
660,1406,4
1034,2786,4
1482,2511,7
901,1844,4
1082,2905,5
930,1482,8
2867,2969,8
437,994,4
1248,1370,5
3239,4378,4
4752,4761,4
2761,4661,4
1865,4614,5
2767,4628,4
1322,4007,5
2511,4013,5
4946,4957,5
4916,4979,4
2245,2573,4
5256,5299,5
5227,5256,4
2260,3655,4
5342,5379,4
912,2458,4
977,3578,4
988,2932,5
2901,3578,4
2334,3589,5
5421,5443,4
5410,5476,5
5410,5432,4
5406,5414,4
798,833,4
1048,3739,4
5662,5695,6
915,5408,4
2717,5468,5
4012,5426,6
4012,5429,5
4399,5490,8
4395,5414,5
4083,5499,6
169,5145,4
5774,5788,4
5722,5747,4
5826,5854,4
1342,4092,8
1643,4542,6
2792,4998,4
2728,4998,4
2781,3907,4
1521,4671,4
3242,3302,5
290,3957,5
1649,2700,4
344,3707,4
1575,1649,6
1261,3947,4
2215,2909,4
5918,5934,6
578,3706,5
6069,6077,7
4546,5002,5
2619,3886,4
574,1938,4
446,2969,4
1884,2759,6
2294,6047,6
5500,6096,6
2728,6045,4
3998,6004,4
1046,2509,4
1617,3998,4
1651,3527,4
3527,4656,4
1444,3572,4
2509,4069,4
3963,4593,7
4069,5420,4
6516,6532,5
6720,6748,5
2471,6169,4
6814,6847,5
6858,6897,5
5025,5467,4
1662,5084,4
6918,6993,4
6902,6947,5
6936,7000,4
7122,7193,5
7101,7153,4
2780,5707,4
5552,6767,4
1817,5769,6
5706,5977,6
7721,7793,4
7704,7785,4
4481,6408,5
7811,7889,6
688,7280,4
1319,4384,5
2288,5370,4
4283,4424,4
2400,6160,4
8208,8236,4
4395,6810,5
4470,6087,4
8381,8390,4
8368,8390,4
7759,8355,5
4827,8326,6
732,3421,4
739,4660,4
1267,5375,4
232,5375,5
202,6159,5
7030,8228,4
3278,8209,7
4360,6501,4
2067,6530,4
2031,2758,5
1684,7162,6
2719,4073,4
3472,4125,4
5819,6242,7
1287,4264,4
716,8097,4
3421,5414,4
5775,6974,5
5494,5798,4
5993,6874,4
5993,6063,4
5993,6880,4
1817,6824,4
6408,6848,4
2717,6874,5
6063,6889,5
6075,6869,4
6008,6833,4
5954,6869,4
2773,6847,5
4481,5481,4
4969,6880,4
1338,5183,4
1447,5546,4
1369,6818,4
1078,6860,4
364,7406,5
6054,8226,5
3093,8289,6
8743,8771,6
1635,5411,6
3330,7618,4
1677,3898,4
1230,4550,4
8960,8963,5
8906,8976,6
3896,7616,4
3849,7433,4
7831,8983,4
7645,8216,4
1719,8180,4
1747,8684,9
711,8127,4
1183,1531,4
4492,5289,4
574,5644,5
5243,7694,4
4247,8288,4
3742,5612,4
4838,7705,4
9010,9097,4
9066,9069,4
4483,4719,4
2534,8546,5
2518,4177,4
5637,5733,5
1050,7418,4
815,7457,4
8542,8837,5
6555,8759,4
870,5575,8
5584,7820,5
6294,6418,5
1569,1613,4
1613,5787,4
4097,6575,4
4896,7810,5
9449,9499,4
9676,9677,4
9626,9700,4
9602,9693,5
9621,9668,5
9683,9693,4
9838,9887,4
135,8893,4
7617,8572,4
2472,5855,4
10036,10073,5
10025,10052,4
1335,8515,4
420,8994,4
2076,6583,5
300,1089,4
8824,9665,5
5683,9628,5
187,5096,6
187,9622,5
4933,9648,4
4553,9601,5
6776,9665,4
6776,7131,4
9753,9924,4
4541,9704,4
2504,9755,6
419,866,4
9400,10087,4
4391,7560,4
315,855,4
1849,9700,6
3618,4451,7
7600,8137,5
3249,8137,4
1190,6730,4
1315,6475,4
7308,8044,4
1828,6986,4
1677,2625,6
6447,10313,5
3590,10322,5
10482,10492,4
10425,10476,4
10424,10492,4
199,740,4
4841,6694,4
398,10313,4
281,2926,4
10554,10559,4
3153,3278,5
8775,9466,4
745,8742,4
5668,7220,4
3418,9098,4
2518,6474,4
3536,4846,4
5538,8078,4
2336,2856,5
1715,6560,7
1715,3028,5
3754,6765,4
10716,10779,4
10714,10767,8
10704,10727,5
10712,10713,4
10778,10791,4
10703,10719,4
5079,5564,4
11025,11080,4
5584,11062,4
11119,11139,4
11128,11163,4
11101,11193,4
11118,11191,4
11130,11194,4
11108,11115,4
11178,11199,4
11138,11150,4
11109,11199,4
11102,11156,4
11153,11176,4
11221,11280,5
1831,4359,4
932,11275,4
4453,11272,5
2581,4591,4
4820,10791,5
11418,11478,4
6030,6289,5
7515,11111,4
7636,10550,5
3112,9977,6
4293,9757,4
5459,5669,6
1737,3029,4
4130,4778,4
11537,11594,4
7507,9828,4
4554,7511,4
6541,9770,4
2970,4514,5
2221,4227,4
11744,11756,4
7064,11073,4
11011,11393,4
10592,10746,4
391,5775,4
5256,9751,4
5299,7737,4
2196,8040,4
1505,6827,5
1173,5071,5
1044,5071,5
545,6445,5
9376,10350,4
1357,8228,4
1532,8503,5
3275,8194,4
7706,8194,4
400,10023,4
1041,1670,4
3432,4188,4
3432,8266,5
5016,6548,4
7579,7679,4
953,10465,7
4641,9539,4
1413,8867,4
4494,12000,4
10613,11478,4
1138,2514,4
857,10085,4
1097,2065,4
1321,4170,4
1413,8257,4
10497,10536,5
6180,10497,5
8562,10644,5
3416,6180,4
3837,9057,5
3021,10267,5
6036,6184,4
7393,11808,6
4260,10909,4
7660,8397,4
4827,9331,5
1079,4171,4
1860,11225,7
10097,10328,5
9389,10328,4
3867,9127,4
1747,10024,6
5748,9725,4
5873,10431,4
10975,11919,4
942,1464,4
10431,11954,4
92,6807,4
4404,9049,4
11276,11898,6
8406,10234,4
10234,11898,4
5277,8406,4
7682,8406,4
7560,8574,4
8851,11883,4
7844,11817,4
2476,5587,5
1581,10910,4
1449,8323,5
1172,9749,4
1079,6317,4
4713,4917,5
2062,9385,4
8368,9385,4
10095,10460,5
3894,11438,4
6339,11548,6
348,5911,6
11021,11207,4
1882,4768,4
8988,11315,5
2138,6001,4
5997,10270,4
5287,11808,4
1555,6591,5
767,11876,4
9954,10179,5
9862,10569,4
3486,12050,4
6428,10218,4
871,4854,4
12539,12574,5
12516,12563,4
8237,10565,4
2545,9691,4
10559,10753,4
5009,6458,4
435,1410,4
7832,11285,4
391,6836,5
2588,8552,6
12730,12797,4
1260,11336,4
3912,5551,4
9268,11350,4
1268,10667,4
2191,6883,4
12881,12899,7
993,8594,5
6489,9157,4
86,3239,4
10357,11542,4
2478,7645,4
8025,12881,5
10908,11307,6
3992,11341,4
2149,5920,4
525,1825,4
6534,8661,4
5105,8542,4
5843,13129,4
13623,13668,4
2810,8317,5
4566,5072,4
3149,6060,4
3309,11571,5
7062,11510,4
10548,13195,6
1710,9707,4
2159,3665,4
10181,10960,4
2125,9505,6
8058,10640,4
2565,6104,4
12189,13594,5
13833,13861,4
6573,9408,4
3297,7590,4
3597,11379,4
501,6001,5
3615,12594,5
6915,12582,4
9599,12286,5
1099,9601,4
7350,13251,4
14048,14087,4
628,11450,6
8529,11011,4
3065,9355,6
5743,10030,4
370,7327,4
1779,7799,4
2610,11872,5
9280,13432,4
8206,13830,4
6864,14018,5
6591,7721,5
2548,13221,6
4562,7846,4
1947,3364,4
183,7099,5
712,12323,7
10244,13571,4
5201,8057,4
4740,10918,4
2099,6575,4
2684,2922,5
6258,7635,4
132,13163,5
1774,14069,4
1200,11089,5
1723,8777,4
9445,11290,5
3759,8271,4
954,10631,4
7194,11562,4
14646,14684,4
14751,14779,4
14714,14757,4
14754,14786,4
14744,14787,4
3874,12727,4
15167,15186,4
15146,15180,4
103,160,4
376,392,6
704,724,6
731,747,5
737,752,5
750,773,9
752,785,5
876,878,4
868,881,4
912,946,4
904,938,7
901,951,6
1072,1073,5
1021,1095,5
1001,1025,6
1023,1043,5
1208,1272,5
1314,1371,8
1452,1456,4
1464,1465,5
319,338,4
716,729,5
705,772,5
368,730,4
328,752,4
324,751,4
355,755,4
1538,1598,6
1534,1594,5
1662,1696,4
1742,1800,4
1960,1962,4
1962,1988,4
1904,1916,4
1933,1937,4
2043,2051,5
2030,2076,4
2131,2190,5
2135,2140,4
2111,2124,5
2122,2165,4
2174,2195,4
2119,2134,4
2178,2197,6
2148,2155,5
2116,2120,4
2177,2190,4
2154,2165,4
2263,2273,6
2226,2272,6
2363,2370,4
2419,2434,4
2414,2440,4
2418,2486,4
2026,2390,5
56,2093,4
2773,2792,5
2972,2992,6
3123,3186,4
3226,3250,5
3329,3396,4
670,3157,7
293,610,6
3446,3451,6
3413,3471,5
3413,3451,4
3451,3477,4
1589,2697,4
369,1569,4
3571,3586,4
3609,3637,9
3742,3754,4
3959,3990,4
4007,4016,4
700,3111,5
574,1449,4
4113,4194,5
2522,3104,4
441,1677,8
1034,1611,4
4223,4251,4
4255,4300,5
4347,4366,4
1302,2993,4
1328,2997,4
939,1328,4
1269,2531,4
1673,3924,4
2567,2699,4
2573,3924,4
4460,4496,4
141,3698,5
2405,3603,5
187,3657,4
4092,4344,4
4071,4377,4
1504,3193,5
3808,4575,5
4632,4670,6
613,2790,5
1696,1818,7
467,3071,6
1432,3152,5
1432,2759,4
1482,2816,4
435,1034,4
1993,2130,4
648,3329,5
3119,3210,4
2446,3643,4
1481,4611,4
2969,4353,5
2969,4017,5
1337,4339,5
2959,4066,5
2717,4083,5
4914,4975,4
1632,4121,4
5116,5162,5
5310,5370,8
2467,2901,4
2965,3603,5
3509,3648,4
2223,2963,4
2924,3571,4
126,2928,4
3149,5319,4
771,2279,6
2150,4142,6
5477,5479,4
5408,5483,5
5467,5468,4
5401,5495,7
5451,5491,4
5423,5438,4
5423,5463,4
5432,5459,5
1430,5310,5
1598,3404,6
1476,5008,4
5564,5587,4
5612,5662,4
930,5402,4
4017,5459,4
2717,5491,9
4013,5459,5
1696,5429,5
1971,5122,4
1984,2435,4
169,2435,4
794,1082,4
1145,4331,5
4297,5310,4
5704,5786,4
5788,5798,8
5732,5799,4
5705,5760,5
5737,5743,5
5729,5745,4
942,1326,6
362,3102,4
1643,4554,6
3892,4591,4
1828,4911,5
627,4670,5
2565,5143,4
739,2635,4
5920,5995,4
5945,5947,5
5926,5941,4
291,5133,4
3289,5180,5
6052,6084,5
6040,6059,4
6007,6018,4
165,4981,5
2780,5927,4
5481,6071,6
2294,5491,8
2717,4412,6
3576,6063,7
4012,4611,4
6418,6488,4
1046,4430,5
3572,4523,4
2509,4593,4
3963,4069,4
2596,3940,4
4346,5420,4
6711,6781,4
6747,6774,5
3426,6142,4
6805,6812,4
1548,1819,4
1108,2710,4
5025,5367,4
3998,5025,4
7033,7036,4
7246,7268,6
7424,7496,4
2869,5952,4
5554,6725,4
2185,7001,4
2231,7603,5
184,5954,6
3994,5116,4
3307,4575,4
1413,2124,6
937,4153,5
2734,5964,6
7746,7785,4
7765,7785,4
399,2329,4
5788,6469,5
167,5716,4
7835,7894,4
4546,7253,5
4076,4208,5
2288,4223,4
2062,4223,5
2254,4272,4
3261,7656,4
3173,4440,4
2528,5944,6
2620,2780,6
8123,8165,4
5995,6887,4
4946,6865,4
8411,8485,7
3367,7540,7
1613,1789,6
1504,3279,4
5012,7192,6
6418,8089,5
262,8036,5
2612,8099,4
5769,6069,5
324,6893,4
997,5494,4
4373,6825,6
477,6071,4
6063,6897,5
6069,6855,4
5761,6854,5
5500,6829,4
6008,6827,4
4316,6809,6
5744,6896,4
3120,5443,5
5954,6854,4
184,6075,4
184,6071,4
2773,6008,4
5590,5819,5
7319,7788,4
2401,5477,4
5423,7770,4
2926,8297,4
4798,7872,4
3278,7820,6
4955,7539,4
4170,5760,4
2238,4565,4
5442,7602,4
3735,7606,4
4550,7601,4
8912,8927,5
8914,8961,4
8934,8948,4
1158,4862,4
2802,4854,4
2636,4734,5
991,3963,4
4550,7318,4
441,3590,5
913,2433,4
8128,8684,8
479,6113,9
4891,7018,5
1833,3106,5
1733,6365,6
9007,9068,4
2723,3180,4
249,1042,4
763,3329,4
1752,3749,4
3300,7810,5
5423,6703,4
2857,5584,7
2964,9051,4
9234,9279,5
6773,8068,5
6100,8461,4
1050,1998,5
4510,5137,4
3745,8963,4
1955,5583,4
3866,8593,4
9440,9445,4
1042,3180,5
477,5800,4
9649,9676,4
9613,9640,4
9611,9624,5
9601,9649,6
9885,9895,4
5944,7139,4
8005,9244,5
624,5855,4
865,7502,4
4546,6720,4
5867,8590,9
2269,6622,4
7679,9683,4
3439,9693,4
4860,6776,4
4092,7242,4
3466,8270,5
1818,6622,4
1715,8724,4
91,4401,4
6453,8171,4
10322,10397,7
10371,10373,6
6831,10145,4
8471,9934,4
10412,10425,4
10407,10412,4
10403,10442,4
10431,10476,4
10401,10453,4
10480,10482,4
5408,5572,5
4513,8905,5
2983,10439,4
1831,10198,4
350,8988,7
2857,10322,7
1078,5668,4
7600,8546,4
6741,9252,5
8014,8589,4
2336,8260,5
174,7209,5
1437,3829,4
392,8260,5
3447,8720,4
10716,10788,4
10702,10719,10
10702,10771,4
10718,10799,4
10727,10767,4
10704,10718,4
10764,10785,8
7582,9661,4
5079,6175,4
4397,8351,4
10843,10862,4
10806,10833,6
11062,11073,5
11027,11041,6
2204,5815,4
1083,9601,4
6865,9294,4
11128,11174,4
11130,11135,4
11130,11199,4
11138,11194,4
11103,11189,4
11131,11157,4
11122,11190,4
11136,11142,4
11156,11173,4
3616,9828,4
8262,10791,4
4034,10718,5
191,10798,4
11360,11361,4
4056,5283,4
1641,10676,4
6447,10267,6
4293,10548,5
4130,6777,4
4130,5941,4
1966,9997,4
11510,11515,4
3677,5734,4
11686,11687,4
4514,7801,4
1972,5216,4
11703,11798,4
9231,10440,4
9127,10328,7
6456,11243,4
4348,7448,4
4601,10310,4
1218,2970,4
4749,8010,4
218,7682,4
7844,9280,4
5991,11883,5
921,10938,5
9296,10910,4
2957,9653,4
11987,12000,4
10756,11895,4
2100,4632,4
8736,10306,5
557,6053,5
557,7098,4
6987,7809,4
4269,6053,4
2117,3432,6
1820,4814,5
5016,11007,8
2138,10083,4
7271,11067,5
2062,5116,5
6317,7271,4
2544,10497,4
8596,9386,6
1505,10267,5
3223,7162,4
796,4694,4
4070,11276,5
4285,11198,4
4745,11472,4
9790,11946,4
2508,11858,6
1424,2859,4
6471,9389,4
4917,5623,4
9127,9369,5
637,10089,4
1860,9127,6
9395,10022,5
9955,10024,4
12133,12198,4
8595,11917,6
1464,2185,6
870,1335,4
4945,5277,4
5096,10716,6
1240,2000,4
8030,8406,4
1911,10365,5
10216,10354,4
12206,12250,4
12206,12220,4
1041,10596,5
8917,9859,4
4675,9359,5
2062,10328,4
6111,10328,4
4275,9685,4
4420,11057,4
12338,12355,4
3934,5711,4
6088,12255,4
366,7236,4
6095,9418,4
2722,4626,4
5548,9501,4
5911,10109,4
2182,5911,4
3657,9287,4
7777,10227,6
1812,12210,4
1812,12340,4
1074,1352,4
4745,9252,4
2490,11794,5
1041,2012,4
469,4212,4
1096,6622,4
9281,10691,4
1129,10691,4
23,1955,5
7319,8981,4
12559,12563,4
9063,10112,4
6084,11450,4
4827,10526,4
7445,9359,4
5538,5956,5
7508,9822,4
10780,10847,4
4272,4927,5
4054,4871,4
5111,6067,6
1649,7800,4
6089,12552,4
64,12275,4
2313,9885,4
5538,9650,4
12298,12351,5
5613,12351,5
2841,6084,5
1030,10713,4
12703,12717,4
12780,12793,4
12780,12792,4
2441,7962,4
2223,5238,4
12828,12834,4
7453,12452,4
3902,10083,5
5596,8947,4
13138,13168,4
8329,11676,4
2068,9858,6
1276,1850,4
6027,10684,4
7220,12899,4
9599,10004,5
4089,7851,4
13416,13440,5
13616,13621,4
6251,12097,4
4701,9875,4
1133,10306,4
2274,10909,4
11829,12146,4
2204,6616,5
13746,13781,4
4234,5814,4
13819,13822,5
1225,10685,4
1186,8504,4
6545,13194,5
2439,6155,4
8132,11871,4
1772,10496,4
1977,13620,7
926,4016,5
3154,13621,4
809,3662,4
3367,10025,4
9749,13235,5
4810,5910,4
2565,5332,4
6072,13911,4
3549,13203,4
6809,12354,5
14048,14090,4
3889,11450,4
9366,12497,4
370,7080,4
8298,9978,4
7620,12064,4
2251,8664,4
2251,11099,5
6415,7917,4
4037,13644,4
2713,8258,5
4129,9280,5
11513,14087,4
9540,13564,8
3889,4112,4
3065,12088,4
5380,8234,4
8167,9280,5
7420,8076,4
6981,8400,4
7877,11450,4
2069,13221,4
2994,8810,4
183,2069,4
3938,8990,4
2548,5634,4
2868,11699,4
2927,4687,6
2092,8556,6
2092,6085,5
311,3962,4
14644,14669,4
15160,15176,4
6,93,4
102,133,4
205,215,7
210,275,4
303,307,4
354,385,5
311,397,5
602,603,4
609,628,4
716,771,8
780,789,5
768,781,5
760,791,6
760,786,5
749,786,6
740,762,6
823,852,6
894,899,5
852,878,4
923,988,4
1062,1087,5
376,1073,6
1430,1447,4
308,381,6
315,392,5
411,485,6
518,522,4
1002,1072,5
305,1044,6
378,1031,4
355,1029,6
355,1072,4
1223,1271,4
374,755,6
368,739,8
719,1021,4
1559,1575,4
1562,1563,4
1829,1837,4
1905,1992,5
1963,1982,7
1911,1920,5
1933,1974,4
1975,1993,6
2120,2145,4
2112,2121,4
2114,2137,4
2121,2147,4
2134,2177,4
2240,2299,6
2222,2293,6
130,2068,4
2743,2784,4
2932,2951,4
2953,2956,4
461,1656,5
3135,3153,4
3108,3119,5
255,3180,6
670,3123,4
3411,3447,6
1228,2655,4
3509,3512,5
3536,3577,5
2130,3183,4
3611,3663,7
3645,3648,4
724,3444,4
364,3436,4
752,3493,7
3706,3776,4
3847,3858,4
3815,3885,4
3980,3989,4
3906,3930,4
3910,3965,6
4035,4063,4
4010,4020,7
4010,4092,5
295,2152,4
673,3154,5
1645,3104,4
1247,3955,4
1509,3990,5
2244,3504,4
391,2803,4
167,3041,4
4258,4295,5
4217,4293,4
740,3159,4
3167,3444,4
4364,4388,7
915,1322,4
949,2969,4
443,1506,4
1692,3940,7
2264,3517,5
2293,3589,4
141,3635,4
2467,3671,4
4533,4539,4
1652,3858,4
231,4583,4
4612,4631,4
1696,2783,7
407,933,5
1367,2758,4
4757,4794,4
2004,2411,4
121,3604,4
1666,4011,9
2717,4339,5
4813,4883,4
4957,4972,7
4950,4979,4
1594,2525,4
5215,5235,4
2062,3568,4
2062,3585,4
2260,3661,4
5301,5395,4
5313,5390,4
5332,5351,4
2068,3587,7
3554,3648,4
972,3654,4
2437,3578,4
2255,3698,4
2928,3675,4
959,2734,7
3787,5194,4
3415,5143,6
721,3472,4
5414,5476,4
5443,5456,6
5480,5487,4
5406,5495,4
5419,5432,6
5419,5431,6
5419,5495,7
5551,5561,4
5548,5550,4
5514,5589,4
1351,4032,5
2441,2634,4
5688,5698,4
5619,5700,6
4009,5419,5
4059,5477,4
1696,5471,5
1464,5459,9
4364,5479,5
169,4091,5
79,786,4
993,1734,4
4522,5048,4
2768,4209,4
3839,4261,4
5711,5731,4
5726,5764,5
5705,5726,5
5736,5775,5
1842,4925,4
4656,4941,4
2728,4980,4
1078,3930,7
602,3912,4
2454,3952,4
2068,3919,4
2647,3919,4
5917,5927,5
1994,5885,7
3226,4391,4
6080,6100,6
6025,6037,4
2605,4645,5
1616,5963,5
5800,5976,4
5741,5996,4
1034,5946,4
92,5232,4
3544,5494,6
4969,6047,6
3930,6084,4
4431,5423,4
5443,6096,6
3576,6039,7
157,4150,4
6401,6456,5
1643,2509,4
1046,6092,5
1617,5434,5
1617,5422,5
1617,3920,4
1444,4609,4
1572,4593,4
2035,3016,4
6720,6736,4
6745,6750,6
1598,4641,4
1651,2403,4
4646,5025,4
443,4647,4
3998,5053,4
2848,5025,4
6984,6986,4
7111,7160,4
7454,7496,4
7554,7575,4
2725,5759,5
993,7507,5
4344,7575,6
5560,6718,5
3180,7636,4
2790,5910,6
917,2916,5
2993,5734,6
7706,7785,4
7741,7759,4
7735,7761,5
7721,7741,5
7704,7746,4
4373,5954,5
7877,7896,4
752,7363,4
7180,7543,5
8025,8097,4
8017,8024,4
3560,4424,4
1531,3345,4
334,5759,4
8225,8289,4
8214,8275,4
1569,6810,5
1335,7822,5
8562,8590,6
302,6481,4
334,7608,4
3368,3928,4
2550,7638,4
6600,8245,4
548,1320,4
4203,4744,4
2035,6531,4
2035,6585,4
3442,4280,6
6052,8007,5
2645,6937,4
5494,5954,4
5494,6408,4
1619,6069,4
5964,6893,5
4373,6047,5
2734,6833,5
959,6897,4
6469,6848,5
2993,6814,4
1865,6839,4
5771,6878,4
2759,6889,5
451,8461,5
4670,4850,6
6903,7451,5
4182,5800,5
1691,2437,5
1063,6962,4
8297,8353,4
3278,3590,9
1635,4550,4
1635,2326,4
4421,8158,4
8926,8971,4
8960,8973,4
8965,8979,6
8961,8985,5
8950,8961,4
2254,6931,4
1570,3295,4
711,3124,6
1677,7866,7
1432,4798,4
83,8127,4
83,8454,4
6321,8268,4
6166,8262,4
5620,5869,5
3742,5332,4
9014,9052,4
2732,7666,4
2723,5942,5
9119,9166,5
4177,4846,4
2973,8363,9
6745,7662,5
6731,7645,4
441,5509,4
8254,9096,4
2651,8024,4
4389,6512,4
9243,9263,5
1569,3477,5
8093,8461,5
4700,8402,4
6052,6876,4
7033,8105,4
2982,4121,5
3445,5067,4
3665,6575,4
392,6882,4
9330,9342,4
9303,9347,4
9342,9374,5
272,6102,4
5867,7508,4
9410,9473,4
9548,9557,4
1338,8969,4
4200,8604,4
6344,8420,7
9624,9665,5
9623,9654,5
8398,8806,4
2862,9223,4
3237,4546,4
8545,9263,4
8862,9234,4
9901,9928,6
1265,8516,4
920,9240,4
10085,10087,4
2797,3820,4
5007,8120,4
3172,4490,4
3746,5742,4
3466,9947,4
7220,8961,4
1046,2068,4
4235,4802,6
258,3021,7
8624,9949,4
1333,1982,4
1982,9619,5
4270,5359,4
5518,9728,4
5518,9784,4
2548,2964,6
10210,10274,4
3663,5501,4
3608,8658,4
10349,10371,7
10373,10397,6
53,1223,5
3590,7298,5
7023,9399,4
7532,9977,4
4404,9388,6
760,9317,6
281,10313,5
6441,10346,4
10418,10494,4
10415,10419,5
10402,10417,5
10454,10456,4
10449,10461,5
10419,10425,4
10440,10457,4
10416,10458,4
10442,10476,4
5812,10198,4
281,7768,4
10564,10566,4
9465,9954,5
1613,6067,4
4283,9069,4
5546,9834,5
5423,9101,4
2656,3025,4
571,4754,4
2973,10346,5
3802,8961,4
7502,10576,7
253,5977,5
5396,6478,4
3608,5760,4
2336,3064,5
2345,9645,6
4202,8262,5
10716,10772,4
10702,10705,4
10786,10788,4
10771,10788,4
10762,10778,4
10727,10742,4
10726,10776,4
10737,10760,4
10770,10778,4
10712,10791,5
10705,10756,4
5957,9621,5
1561,2953,5
1561,5932,4
3300,5716,4
4623,6093,4
11169,11174,4
11106,11143,4
11111,11169,4
11148,11174,4
11139,11141,4
11102,11118,4
11156,11178,4
7811,8988,4
8165,11275,7
1246,2701,4
5459,9761,4
1678,4359,4
2354,10731,4
6560,10799,5
11311,11353,4
4056,8961,4
8685,9562,4
9111,10530,4
92,1782,5
1342,10644,4
9063,10975,8
3361,8644,6
3029,8101,4
8529,8801,4
1191,3612,5
11745,11753,5
4202,4803,5
1266,10523,5
11801,11895,4
839,4606,6
2100,9258,5
7685,11003,4
2437,6464,5
1429,10356,4
6689,10356,4
9623,11766,4
481,11136,4
6154,8013,4
11926,11964,4
9524,10910,4
2479,10016,4
1404,4217,4
863,3432,5
863,5696,5
5696,7679,4
210,10016,4
2108,4188,4
2108,10023,4
2108,10083,4
2174,7076,6
7076,10023,4
4188,7706,4
2117,5031,4
3693,11007,4
1617,5116,5
628,5653,6
8363,10535,4
6180,10819,5
3589,10548,5
5395,6171,5
5047,11885,4
4853,10731,5
6787,11853,5
9114,11370,4
4497,6001,4
1133,3315,5
556,11919,4
4749,11957,5
1678,8579,7
10764,11898,5
4945,10778,4
10234,11871,4
8163,11276,4
334,10318,5
5395,10640,4
9969,12105,4
2054,4816,4
4737,11225,5
6946,7645,4
694,1417,4
490,12203,4
1684,6294,4
1185,4768,4
1115,4462,4
2869,11315,5
8827,9893,4
1681,10240,5
222,4133,4
4903,10569,5
8159,8784,4
7453,8994,4
4497,6939,5
1096,1410,4
1032,10484,5
1573,7068,5
9499,11637,4
1858,7767,4
1972,4524,4
2776,6777,4
7463,9623,4
10432,12052,4
11534,12144,4
12508,12589,4
12537,12568,4
5116,8897,4
7674,11347,4
5046,10512,4
45,3665,4
1289,4329,5
3823,11962,4
1651,6438,4
1418,5613,4
761,5995,4
5710,8754,4
5788,9800,5
6435,11847,4
4953,11513,4
2043,10880,4
2214,10880,5
8981,12400,4
139,2258,4
13620,13668,6
13612,13639,4
2605,4400,4
6666,7499,4
7324,10034,4
1002,11208,4
5574,6258,5
5332,9252,6
13771,13781,4
2243,6099,5
1992,6261,5
13870,13876,4
13830,13896,4
2925,11563,4
281,12492,5
8218,8882,4
2605,6072,4
4983,6764,4
2861,7008,4
1850,3154,4
6882,10507,4
5161,7451,4
7379,13530,4
1723,10802,4
9033,12497,4
2778,9856,4
14014,14096,4
628,3889,4
8025,11450,4
2512,5760,4
3367,4326,4
8234,10795,5
5171,5632,4
6526,13848,5
8013,12813,4
2702,6864,4
2112,4770,5
5212,13296,6
11211,13218,5
10605,13249,4
6857,11211,5
1769,7721,5
6576,7836,4
603,4212,4
9480,10595,4
2069,7661,4
12021,13264,4
3319,12323,4
2588,2994,4
4685,9974,4
3897,10067,4
712,10067,7
4366,7017,4
3631,13394,4
10244,13249,5
2639,13221,5
13565,13950,4
2467,11513,5
1196,11290,4
8243,10908,4
4090,13160,4
9157,14059,5
4409,8088,4
6056,13194,4
14650,14690,4
14750,14761,4
14767,14777,4
14705,14716,4
8076,12794,4
15112,15179,4
79,11282,4
205,266,6
324,366,6
324,395,7
346,383,4
319,394,4
340,343,4
307,357,5
405,416,4
556,592,4
684,688,5
660,665,4
636,699,4
763,793,6
733,751,8
707,746,5
748,794,5
719,731,8
778,795,6
752,771,8
755,761,6
759,768,6
848,862,5
819,845,4
843,888,4
888,889,4
937,960,4
382,1023,4
1207,1271,4
211,226,4
508,578,6
628,637,5
703,797,5
1323,1394,5
374,733,9
395,768,4
360,761,4
376,778,4
355,730,5
314,1269,5
1601,1610,4
1877,1893,4
1916,1988,4
2021,2093,5
2043,2074,5
2124,2185,6
2130,2142,4
2134,2190,8
2218,2219,4
2244,2245,5
2245,2246,6
2346,2382,4
2356,2363,4
2437,2492,5
2406,2429,7
2460,2464,7
2414,2472,4
2413,2469,4
2410,2500,4
2441,2498,6
2441,2458,6
2404,2464,4
2068,2315,4
2773,2781,5
2717,2776,5
2969,2984,4
2925,2988,4
3002,3089,4
3114,3182,5
684,3162,5
248,624,4
3440,3479,4
3405,3446,4
3415,3476,4
3414,3479,4
1581,2681,4
314,2674,4
1506,2667,4
3509,3540,6
662,3108,4
3607,3643,4
724,3477,6
772,3405,5
760,3436,4
3911,3939,4
4052,4063,4
4032,4071,5
4017,4078,4
4012,4078,4
4066,4090,4
603,2199,6
609,3188,4
221,3195,4
1479,2792,4
4108,4121,4
441,625,8
1075,1570,5
2608,3904,4
167,2869,4
167,2400,4
4282,4283,4
4277,4294,4
733,2105,5
4348,4360,4
4380,4387,5
4310,4314,4
945,2905,7
940,2992,6
1366,2997,4
911,1320,4
1298,2655,5
1243,2667,4
4082,4335,7
2249,3520,4
4425,4429,4
4411,4491,4
2334,3654,4
2334,2407,4
2335,3648,4
4536,4544,4
4078,4305,4
3871,4516,4
4695,4696,4
4665,4671,7
1422,2857,4
1248,2816,4
2400,2780,4
928,2789,6
2509,4646,7
1903,3370,7
2411,3691,4
2465,3643,4
1464,4388,5
2717,4012,5
2717,4373,9
1696,4066,7
4914,4967,7
494,3994,5
1428,2713,4
5073,5074,7
5001,5075,4
5220,5279,5
3523,3661,4
3539,3682,5
5311,5395,4
5336,5351,4
1387,2221,4
977,1313,4
2407,2901,4
385,3716,4
5464,5494,6
5491,5496,4
5401,5402,4
5443,5478,6
5423,5498,7
5440,5494,10
5404,5432,6
5409,5483,5
4125,5303,6
3709,4031,5
5604,5632,5
5662,5700,5
2959,5440,5
4044,5429,5
4399,5494,5
4388,5494,5
4059,5406,4
4059,5459,4
4053,5500,5
1464,5435,6
4011,5414,5
3343,5145,4
780,4032,4
5076,5319,4
5719,5733,7
5793,5797,6
5707,5718,5
5702,5767,4
1739,1888,5
1992,2223,4
2441,5037,5
2280,4904,4
1569,4983,5
3223,4363,5
602,2904,4
366,3415,4
5901,5912,5
2182,3330,5
6025,6040,4
6102,6106,4
4682,6087,6
4969,6075,6
4993,6079,4
6451,6460,4
1662,4542,4
1662,5422,4
3963,4346,4
2596,3572,5
3991,4632,4
6551,6597,4
6707,6786,5
6829,6880,5
1108,6027,4
3861,5009,5
4552,5053,4
7007,7077,4
7421,7460,4
2528,6160,4
2271,4610,5
5777,5989,5
7724,7735,4
7759,7784,5
4438,7373,5
2625,7210,4
4344,7180,6
1182,2926,6
7951,7986,5
1963,5370,4
2645,5912,4
8110,8180,5
8270,8276,5
2273,5858,5
4904,6810,4
4056,5842,4
8471,8497,4
2285,7141,4
2266,7886,4
3188,4983,4
1641,4651,4
1291,5304,4
1076,4854,4
2786,7671,5
876,6585,4
5978,7433,7
274,7335,4
2612,6051,7
6071,6885,4
5494,6898,4
5494,6872,4
5706,6814,4
950,6847,5
959,6071,4
5440,6872,4
5761,6047,4
5954,6896,4
2294,6836,4
6469,6836,5
2993,5500,4
2993,6836,4
6049,6809,4
6047,6817,4
451,6242,5
4221,6950,4
3734,5303,4
1208,3278,6
5743,6568,4
1182,8209,4
5923,7833,5
2433,5560,5
3914,5074,4
1677,5411,6
901,1646,6
2857,5442,4
2906,8158,6
3735,4421,4
4550,8132,4
1454,3837,4
913,4502,4
3820,8120,4
3021,4543,4
4816,5544,4
3607,8010,4
3735,7866,5
2906,7866,6
2926,5411,5
1329,8132,5
7948,8142,4
574,4772,5
352,2702,6
1733,8251,4
5246,8288,4
2519,6522,5
3493,7375,4
9007,9077,4
3297,7661,5
7580,7986,4
1317,4105,4
2660,3453,4
2458,3711,4
7706,8266,6
5867,8837,5
8358,8843,4
5423,6786,4
5579,8158,4
6745,7605,4
848,9035,4
1493,3216,6
9237,9282,5
3177,4983,4
732,6773,5
2911,9077,4
9363,9386,4
9368,9384,4
9351,9393,4
1528,7271,6
7508,8837,6
272,5808,4
485,3866,4
7652,7713,4
2526,5808,5
2530,6030,6
9430,9434,4
9611,9684,5
9602,9676,4
9656,9683,4
7396,9266,4
6050,9266,4
6380,9222,5
603,9247,5
3772,7661,4
3439,9665,5
5383,9665,6
5672,9686,4
388,5683,4
3844,9610,5
2191,9631,5
148,2012,6
148,2024,6
821,6402,4
9366,10054,5
2864,8784,4
4451,9645,6
3536,8112,4
3627,9766,4
8078,8846,4
4249,4850,6
4850,5737,5
3418,8441,4
5867,9993,6
2656,9381,4
10403,10497,4
10402,10438,5
10422,10446,6
10442,10481,4
8351,9687,4
9053,10432,4
10576,10586,4
10506,10565,4
10515,10570,4
7505,8363,5
3278,8775,6
4468,7726,5
3802,9466,5
9977,10697,6
7122,9562,4
8557,9058,4
5012,9478,4
7278,9496,4
633,3990,4
5544,10396,4
6478,8546,4
315,8803,4
3064,5330,5
497,1715,5
7209,8262,6
10714,10778,8
10742,10764,4
10710,10796,4
10771,10799,4
10709,10767,4
10712,10726,5
3420,5723,4
10832,10850,5
1342,6529,5
9238,9704,4
6718,9789,4
11050,11059,4
11108,11138,4
11138,11180,4
11103,11127,4
11140,11189,4
11136,11183,7
11206,11283,5
7656,10252,4
1831,4496,4
9752,11276,4
4591,11256,5
382,10764,7
9433,9862,4
11311,11360,4
4080,5283,4
365,857,4
8562,9068,5
2201,5081,5
17,2033,4
1475,10548,4
4092,4293,4
4293,10661,5
6176,9548,4
1966,11272,4
9822,10812,4
5734,8195,5
1164,6013,4
2162,4496,4
4514,8040,4
4514,8579,4
6251,8687,4
11713,11752,4
3187,4803,4
6652,11361,5
7603,9145,4
10684,11834,4
5123,7650,5
11909,11963,4
7919,10900,4
582,10310,5
5277,8736,4
237,6024,4
237,2479,4
736,7809,4
1064,4689,4
1064,7809,4
8194,10037,4
7706,10023,4
1404,7706,4
863,6548,4
3851,7579,4
1296,8424,5
241,4121,4
241,6987,4
888,10016,4
614,888,4
4728,7076,4
1378,1670,4
4188,10058,4
4188,10016,4
2117,10017,4
7579,7677,4
1411,4814,4
664,1411,4
4712,5225,4
4712,5069,4
10613,11923,4
5380,11923,4
4235,11914,4
12041,12076,4
2458,7910,4
47,8368,4
4056,5056,5
1650,6388,4
3451,6890,4
2859,6184,5
2825,4497,4
1673,6471,5
637,5748,4
4792,6086,4
7507,11407,4
3531,5459,4
1024,11917,4
8579,11939,4
2718,5380,4
10764,11276,5
1056,5093,4
7837,10203,4
4945,10764,4
1966,11874,4
3551,11833,4
7560,9951,4
3663,7579,5
5594,9524,4
4774,10326,7
3663,11683,5
4731,7273,4
1747,6111,4
3894,11745,4
5080,6978,5
8511,9500,4
6001,8679,5
2068,4784,4
8539,11285,4
7393,8845,4
1340,8845,4
3896,9548,4
7429,8212,4
8830,9357,4
795,9053,4
8427,11649,4
6136,11633,4
3462,5511,4
9053,9969,4
1871,4058,4
3498,11088,5
7463,12069,4
707,10937,4
10261,11324,4
2221,12130,4
12570,12594,6
6663,12598,4
6663,12563,4
5956,9985,4
2259,11347,4
2776,10238,4
1386,7770,4
3020,8030,4
9616,10288,4
6743,10661,4
8901,10315,4
204,8889,4
1327,6066,4
6066,10315,4
6066,11807,4
3466,5072,5
4670,10909,4
994,6899,4
86,2640,4
6993,9017,4
859,11225,4
407,4930,4
4329,11514,4
8810,11211,7
10406,11844,4
210,10591,7
5998,7744,5
6303,10548,4
11554,12032,4
1726,12230,4
8317,10043,4
13111,13163,4
10614,11192,4
13217,13268,4
13471,13477,5
3907,11352,4
3265,10347,4
13639,13665,4
13613,13616,4
13616,13658,4
2574,8642,4
1002,6365,4
2693,5959,5
8754,11588,4
1746,9723,4
7470,12917,4
119,7341,4
264,6807,4
11198,13668,5
4827,9238,4
13781,13791,4
6905,11742,4
3957,10960,4
3957,10181,4
7612,13195,4
6526,13541,6
13960,13978,4
13911,13943,6
3431,13553,4
588,4620,4
2844,10653,7
4433,6155,4
3597,7853,4
9466,12586,4
3663,12582,4
9777,10798,4
8348,12553,5
9653,12570,4
5345,11192,4
6633,13602,5
1739,6800,4
3632,12189,4
3632,13557,4
2713,8664,6
14020,14057,4
3976,12542,4
139,13404,5
6731,11834,4
6731,9355,4
12013,12152,4
4326,9535,4
5760,9535,4
8385,9156,6
7288,9856,5
8258,8664,5
1491,5681,4
1491,13541,5
8810,13296,5
5111,6293,5
7555,13296,5
1591,13564,6
13272,13571,4
6857,13218,5
1769,11587,5
5480,6437,4
1101,12981,4
4370,13620,4
2724,7280,4
2069,5007,4
2994,5007,4
356,2994,4
2112,10205,4
712,3897,4
6857,7194,4
2548,8446,4
5634,13571,4
7742,10393,4
2099,12311,4
9738,13195,4
2292,10548,5
7866,9043,4
7721,10248,5
2035,13620,5
8777,12981,4
7094,9157,4
183,4744,4
14657,14669,4
14703,14763,4
14739,14756,4
14704,14775,4
15121,15180,4
15135,15180,4
15112,15180,4
11416,15126,4
1460,6805,4
